0.0282611;-0.0101452;0.169784;0.00837393;0.037164;3.14066
0.0282762;-0.0101521;0.16973;0.0084213;0.0358068;3.14081
0.0282723;-0.0101312;0.169726;0.00848546;0.0354154;-3.14064
0.0282799;-0.0101376;0.169705;0.0085282;0.0356648;-3.14151
0.0282729;-0.0101423;0.169685;0.00856282;0.034069;-3.14083
0.0282745;-0.0101353;0.169715;0.00835066;0.0348764;-3.14093
0.0282614;-0.010147;0.169712;0.00818086;0.0349479;-3.14143
0.0282571;-0.0101465;0.169715;0.00822853;0.0368949;-3.14089
0.0282791;-0.0101396;0.169698;0.00824507;0.0361835;-3.14002
0.0282478;-0.0101398;0.169693;0.00824146;0.036506;3.14145
0.0282545;-0.0101452;0.169705;0.00817832;0.0361592;-3.14118
0.0282628;-0.0101421;0.169725;0.00819173;0.0356458;-3.14058
0.0282861;-0.0101464;0.169703;0.00867653;0.0343805;3.14117
0.0282752;-0.0101247;0.16971;0.00859856;0.0351988;-3.14
0.0282734;-0.0101448;0.169712;0.00814381;0.0345941;-3.14159
0.0282769;-0.0101582;0.169696;0.00836074;0.0348366;3.14111
0.0282586;-0.0101566;0.169723;0.00839192;0.0361443;3.14073
0.0282712;-0.0101345;0.169713;0.00843695;0.0363678;-3.14027
0.028261;-0.0101283;0.169726;0.008292;0.0372373;-3.13891
0.0282603;-0.0101404;0.169706;0.00837936;0.0358568;-3.14112
0.0282654;-0.0101439;0.169713;0.00832912;0.0354901;3.14114
0.028271;-0.010149;0.169716;0.00843596;0.035379;-3.14144
0.028266;-0.0101553;0.169672;0.00844266;0.0353219;3.14148
0.0282615;-0.0101458;0.169732;0.0082808;0.0353823;3.14135
0.028264;-0.01015;0.169737;0.00851006;0.0360469;-3.14131
0.0282636;-0.0101487;0.169751;0.00849825;0.0364211;3.14147
0.0282708;-0.0101523;0.169707;0.00829722;0.0355947;3.14128
0.0282596;-0.0101402;0.169725;0.00815645;0.0371264;-3.13968
0.0282678;-0.0101471;0.169705;0.00821881;0.0354622;-3.14138
0.0282756;-0.0101568;0.169686;0.00837597;0.0341305;3.14076
0.0282711;-0.0101486;0.169744;0.00868959;0.0363997;3.14106
0.0282629;-0.0101316;0.169699;0.00855054;0.0362139;-3.14075
0.0282785;-0.0101252;0.169725;0.0085866;0.0363419;-3.13979
0.0282585;-0.0101563;0.169734;0.00820989;0.0363274;3.14054
0.0282657;-0.0101371;0.16971;0.00863938;0.0361759;3.14127
0.0282746;-0.01014;0.169705;0.00846776;0.0360134;-3.14146
0.0282757;-0.0101319;0.169693;0.00872737;0.0363465;-3.14008
0.0282564;-0.0101335;0.169698;0.00832741;0.0362094;-3.14123
0.028263;-0.0101527;0.169683;0.00825182;0.0350122;3.14104
0.0282586;-0.0101431;0.169696;0.00820614;0.0365015;-3.14134
0.0282606;-0.0101452;0.169728;0.00833594;0.037744;-3.14081
0.0282796;-0.0101462;0.169684;0.00852813;0.0341232;3.14127
0.0282661;-0.0101566;0.16972;0.00849663;0.0352129;3.14123
0.0282608;-0.0101437;0.169729;0.00849299;0.0368455;3.14148
0.0282595;-0.0101522;0.169721;0.00826996;0.0358049;3.14142
0.0282559;-0.0101477;0.169684;0.008262;0.0354933;3.14155
0.0282666;-0.0101418;0.169728;0.00832617;0.0359187;-3.1408
0.02826;-0.010146;0.169711;0.00839144;0.0361186;-3.14153
0.0282642;-0.0101428;0.169732;0.0080278;0.0353987;3.14152
0.0282643;-0.0101412;0.169744;0.00831871;0.0365888;-3.14107
0.028256;-0.0101273;0.169696;0.00823757;0.0362933;-3.13933
0.0282651;-0.0101452;0.16971;0.00839687;0.0356176;-3.14115
0.0282564;-0.010144;0.169717;0.00838894;0.0370283;-3.14068
0.0282709;-0.0101343;0.169734;0.0085334;0.0362605;-3.14035
0.0282752;-0.0101469;0.169699;0.00837806;0.0352108;-3.14141
0.0282703;-0.0101358;0.169705;0.00843768;0.034936;3.14133
0.0282565;-0.0101401;0.169719;0.00835763;0.0364041;3.14146
0.0282641;-0.0101549;0.169697;0.00858407;0.0361417;3.14006
0.0282686;-0.0101267;0.16967;0.00861579;0.0359071;-3.13982
0.0282709;-0.0101404;0.16967;0.0082565;0.0351532;-3.14092
0.0282632;-0.0101484;0.16973;0.00852435;0.0359057;3.14146
0.028273;-0.0101543;0.169682;0.00837769;0.0346119;3.14119
0.0282739;-0.0101233;0.169739;0.00844555;0.0367449;-3.13938
0.0282725;-0.0101259;0.16969;0.00849636;0.0357604;-3.13994
0.0282831;-0.0102023;0.169697;0.00793776;0.0357719;-3.13971
0.0282956;-0.0102041;0.1697;0.00823293;0.0344051;-3.14127
0.0282945;-0.0101974;0.169682;0.00795285;0.0346255;-3.13958
0.0283061;-0.010198;0.169679;0.00820546;0.0343923;-3.13933
0.0283012;-0.0101939;0.169666;0.00830538;0.0355079;-3.13848
0.0282777;-0.0102027;0.169683;0.00795676;0.0355407;-3.13985
0.0282923;-0.0102057;0.169684;0.00810587;0.0354185;-3.14045
0.0283033;-0.0101894;0.169685;0.00804082;0.0342074;-3.1391
0.0283097;-0.0101788;0.169677;0.00857189;0.0345789;-3.13869
0.0283048;-0.0102019;0.169677;0.00840766;0.0336365;-3.14022
0.0283012;-0.0102019;0.16969;0.00823303;0.0353341;-3.13956
0.0282682;-0.0102097;0.169661;0.00771939;0.0361664;-3.14041
0.0283079;-0.0101824;0.169672;0.00814842;0.0341026;-3.13863
0.0283053;-0.0102032;0.169674;0.00810612;0.0338871;-3.13976
0.0282976;-0.0102094;0.169723;0.00832697;0.0353562;-3.14062
0.0283062;-0.01021;0.169675;0.00824445;0.0340928;-3.14103
0.0283067;-0.0102126;0.169664;0.00844715;0.034257;-3.14057
0.0282952;-0.010191;0.169682;0.00822481;0.034959;-3.13947
0.028291;-0.0101978;0.169689;0.00844446;0.035935;-3.14016
0.0283026;-0.0101996;0.169675;0.00846238;0.0345278;-3.14091
0.0282775;-0.0102016;0.169684;0.00790551;0.035894;-3.1392
0.0283128;-0.0102089;0.169669;0.00832564;0.0333837;-3.14007
0.0282894;-0.0101988;0.169633;0.00829537;0.0352453;-3.14004
0.0282973;-0.010213;0.169659;0.00806885;0.0334648;-3.14013
0.0282805;-0.0101976;0.169684;0.00803695;0.0352226;-3.1389
0.0283155;-0.010197;0.169683;0.00834951;0.0342559;-3.14045
0.0283168;-0.0101879;0.169685;0.00842828;0.0337513;-3.13947
0.0283017;-0.0102034;0.169694;0.00840605;0.034799;-3.14049
0.0282929;-0.0102043;0.16968;0.00806564;0.0344624;-3.13983
0.0282869;-0.0102044;0.16966;0.00808194;0.0348047;-3.14001
0.0283016;-0.0101892;0.169659;0.008376;0.0341682;-3.13881
0.0283035;-0.0101921;0.169676;0.00817456;0.0351598;-3.13792
0.0283026;-0.0102139;0.169669;0.00836275;0.0342077;-3.14075
0.0283037;-0.0102049;0.169691;0.00850372;0.0354825;-3.14039
0.0283032;-0.0102041;0.16969;0.00814604;0.0340108;-3.13971
0.0283107;-0.0101786;0.169663;0.00834436;0.0331087;-3.13808
0.0282967;-0.0101917;0.169664;0.00834294;0.0346809;-3.13899
0.0282971;-0.0101962;0.169693;0.00833608;0.0353532;-3.13919
0.0282861;-0.0102161;0.169702;0.00822814;0.0361405;-3.14024
0.0282867;-0.0101921;0.169644;0.008005;0.035192;-3.13881
0.0282988;-0.0102065;0.169693;0.00814689;0.0339507;-3.141
0.0282885;-0.0102028;0.169639;0.00798992;0.0339248;-3.13944
0.0282914;-0.0102108;0.169704;0.00793329;0.035069;-3.14007
0.0282992;-0.0101851;0.169679;0.00833467;0.0348505;-3.13885
0.028317;-0.0101765;0.169676;0.00838422;0.0336893;-3.13817
0.0283047;-0.0101887;0.169667;0.00840473;0.0337915;-3.13968
0.0282979;-0.0101991;0.169664;0.00843775;0.033535;-3.14034
0.0283006;-0.0102153;0.169689;0.00824303;0.0337935;-3.14108
0.028296;-0.0102106;0.169648;0.00839181;0.0342028;-3.13982
0.0282991;-0.0102141;0.169713;0.00823161;0.034772;-3.14096
0.0283023;-0.0101936;0.169672;0.00821921;0.033872;-3.13908
0.0283097;-0.0101972;0.169656;0.00821744;0.0328382;-3.13934
0.0282892;-0.0102121;0.169671;0.00831939;0.0353687;-3.14085
0.0283036;-0.0102019;0.169693;0.00809875;0.0350428;-3.13886
0.0282952;-0.0102091;0.169682;0.00829669;0.034231;-3.13992
0.0283128;-0.0102035;0.169677;0.0082778;0.0330949;-3.14046
0.0283053;-0.0102074;0.16967;0.00816695;0.0332844;-3.13945
0.0283056;-0.0101847;0.169683;0.00830105;0.0349718;-3.13737
0.0282974;-0.0102044;0.169686;0.00846518;0.0340962;-3.1408
0.0282914;-0.0101991;0.169669;0.00807716;0.0350291;-3.13939
0.0282861;-0.0102033;0.169684;0.00793106;0.0352073;-3.13981
0.0282893;-0.0101958;0.169649;0.00823769;0.0340972;-3.1396
0.0282961;-0.0102078;0.16966;0.00833364;0.0342476;-3.13989
0.0282994;-0.0102146;0.169665;0.00815075;0.0336566;-3.14076
0.0282892;-0.010209;0.169681;0.00796967;0.0337248;-3.14044
0.0282981;-0.010225;0.169711;0.00835705;0.035392;-3.14115
0.0283008;-0.0102039;0.169666;0.00827025;0.0350099;-3.13937
0.028277;-0.01021;0.169662;0.00801548;0.0350135;-3.13959
0.0282861;-0.0102116;0.169684;0.00792684;0.0340359;-3.14035
0.028281;-0.0102175;0.169683;0.00804753;0.0350406;-3.14068
0.0283013;-0.0102056;0.16966;0.008087;0.0339929;-3.13989
0.0283011;-0.0102104;0.169668;0.00843055;0.0346239;-3.14011
0.0282896;-0.0102147;0.169685;0.00808944;0.0353869;-3.14092
0.0283012;-0.0102135;0.169679;0.00822903;0.0341629;-3.1401
0.0283043;-0.0102039;0.169681;0.00790133;0.0336977;-3.13967
0.0283158;-0.010191;0.169666;0.0084364;0.034078;-3.1393
0.0282891;-0.0102038;0.1697;0.00813206;0.0349107;-3.14093
0.0283033;-0.0102069;0.169667;0.00836139;0.0338643;-3.1413
0.0282932;-0.0102264;0.169698;0.00831122;0.034188;-3.14129
0.0283136;-0.0102001;0.169687;0.00830909;0.0341765;-3.13943
0.0282923;-0.0102035;0.169685;0.0081684;0.0350197;-3.13968
0.0283349;-0.0102423;0.16973;0.00711185;0.0373337;-3.13831
0.028346;-0.010261;0.16972;0.00729069;0.0351056;-3.13962
0.0283469;-0.0102457;0.169695;0.00738;0.0355209;-3.13858
0.0283568;-0.0102456;0.169723;0.00718976;0.036474;-3.13763
0.0283478;-0.0102538;0.169672;0.00731101;0.0356383;-3.13881
0.0283669;-0.0102602;0.169694;0.00717656;0.0345145;-3.13864
0.0283665;-0.0102584;0.169733;0.0072728;0.0350686;-3.13904
0.0283648;-0.0102656;0.169702;0.00727251;0.0354997;-3.13977
0.028364;-0.0102652;0.169701;0.00707919;0.0359911;-3.13872
0.028376;-0.0102643;0.169705;0.00688254;0.0342734;-3.13888
0.028357;-0.0102592;0.169728;0.00710073;0.0362554;-3.13846
0.0283712;-0.0102587;0.169722;0.00706719;0.0347569;-3.13875
0.0283728;-0.0102459;0.169706;0.0072432;0.0357365;-3.13767
0.0283627;-0.010238;0.169661;0.00691194;0.0342698;-3.13659
0.02838;-0.0102407;0.169708;0.00734941;0.0345806;-3.13801
0.0283627;-0.0102473;0.169708;0.00719951;0.0358705;-3.13816
0.0283637;-0.0102442;0.169681;0.00748459;0.0356124;-3.13807
0.0283601;-0.0102623;0.169671;0.00687634;0.0341177;-3.13946
0.028373;-0.0102585;0.169723;0.00721157;0.0354554;-3.13906
0.0283555;-0.0102657;0.169711;0.00706251;0.0359391;-3.13903
0.0283626;-0.010256;0.169706;0.00707688;0.0349354;-3.13866
0.0283524;-0.0102536;0.169722;0.00714914;0.0359262;-3.13902
0.0283609;-0.0102411;0.169735;0.00693268;0.0356198;-3.13633
0.0283565;-0.0102631;0.169719;0.00709968;0.0355856;-3.13973
0.028362;-0.0102558;0.169685;0.00742937;0.0350604;-3.13855
0.0283706;-0.0102505;0.169747;0.00718764;0.0343281;-3.13834
0.0283399;-0.0102577;0.169704;0.0072849;0.03654;-3.13918
0.0283744;-0.0102711;0.169718;0.00710535;0.0343584;-3.13928
0.028377;-0.0102455;0.169696;0.00739852;0.035328;-3.13804
0.0283642;-0.0102519;0.169716;0.00693053;0.0353138;-3.13825
0.0283696;-0.0102552;0.1697;0.00726632;0.0354132;-3.13877
0.0283611;-0.0102616;0.169726;0.00728962;0.0355868;-3.13895
0.028357;-0.0102588;0.169731;0.00687444;0.0357771;-3.13842
0.0283616;-0.0102507;0.169698;0.00736619;0.0354967;-3.13808
0.0283673;-0.0102541;0.169663;0.00727632;0.0355295;-3.139
0.0283689;-0.0102696;0.169708;0.00737196;0.0353266;-3.14035
0.0283652;-0.0102472;0.169689;0.00709113;0.0354838;-3.13766
0.0283636;-0.0102534;0.169711;0.00722298;0.0352713;-3.13825
0.0283389;-0.0102682;0.169692;0.0073378;0.0365789;-3.13914
0.0283687;-0.0102591;0.169757;0.0069692;0.0358278;-3.13859
0.0283763;-0.0102602;0.169713;0.00723269;0.0351815;-3.13855
0.0283749;-0.0102418;0.169715;0.00733486;0.0352235;-3.13687
0.0283633;-0.0102608;0.169722;0.00722472;0.0354901;-3.13924
0.0283662;-0.0102583;0.169722;0.00733481;0.0355095;-3.13891
0.0283727;-0.0102701;0.169712;0.00704301;0.0346964;-3.14056
0.028367;-0.0102555;0.169698;0.00682937;0.0346506;-3.13748
0.0283622;-0.0102616;0.169751;0.00735703;0.0362257;-3.13891
0.0283657;-0.0102657;0.169712;0.00722416;0.0351696;-3.13934
0.028359;-0.0102403;0.169727;0.00703492;0.0358735;-3.13769
0.0283668;-0.0102524;0.169719;0.00708261;0.0353981;-3.13798
0.0283538;-0.0102594;0.16969;0.00709366;0.0364628;-3.1388
0.0283723;-0.0102593;0.169716;0.00696105;0.034575;-3.13946
0.0283656;-0.0102559;0.169722;0.00723749;0.0352528;-3.13879
0.0283563;-0.0102492;0.169716;0.00689309;0.0360097;-3.13775
0.0283678;-0.0102531;0.169688;0.00713861;0.0348874;-3.13817
0.0283661;-0.0102617;0.169706;0.00724377;0.034678;-3.13894
0.0283594;-0.0102593;0.16969;0.00707024;0.0351401;-3.13949
0.0283705;-0.0102475;0.169708;0.00720847;0.0355418;-3.13866
0.028371;-0.0102606;0.16972;0.00707919;0.0348456;-3.13891
0.0283413;-0.010264;0.169719;0.0070672;0.0365321;-3.13878
0.0283461;-0.010272;0.169737;0.00721792;0.0365651;-3.14021
0.0283681;-0.010244;0.169707;0.00728693;0.0351261;-3.13813
0.0283625;-0.0102524;0.169702;0.00739159;0.036229;-3.13841
0.028369;-0.0102527;0.169675;0.00712409;0.0339469;-3.13798
0.0283709;-0.0102516;0.169719;0.00698068;0.0359064;-3.13755
0.0283713;-0.0102478;0.16974;0.00698627;0.0345985;-3.1384
0.0283749;-0.0102518;0.169746;0.00708391;0.0359818;-3.13798
0.028367;-0.0102538;0.16971;0.00679217;0.0353407;-3.13793
0.0283769;-0.0102582;0.16971;0.00734261;0.034926;-3.13854
0.0283814;-0.0102689;0.169767;0.00728583;0.0350094;-3.13894
0.0283805;-0.0102616;0.169699;0.00714464;0.033645;-3.13933
0.0283693;-0.0102663;0.169721;0.00703128;0.0343497;-3.1388
0.0283728;-0.0102411;0.169699;0.00696572;0.0352078;-3.13761
0.0283623;-0.0102398;0.169682;0.00702231;0.035545;-3.13659
0.0283795;-0.0102601;0.169706;0.00724437;0.0355678;-3.13773
0.0283611;-0.0102708;0.169712;0.00726175;0.0361046;-3.13917
0.0283453;-0.0102613;0.169731;0.00713218;0.0375899;-3.13922
0.02836;-0.0102645;0.169724;0.00710928;0.0357623;-3.1398
0.0283642;-0.0102561;0.169725;0.0071798;0.0356419;-3.13857
0.0283772;-0.0102542;0.16972;0.00713803;0.0346413;-3.1395
0.0283822;-0.0102643;0.169705;0.00722963;0.0346422;-3.13915
0.0283618;-0.0102752;0.169691;0.00724557;0.0354851;-3.13975
0.0283673;-0.0102608;0.169716;0.00721053;0.0361696;-3.13863
0.0283593;-0.0102632;0.169711;0.00729418;0.0350335;-3.13952
0.0283701;-0.0102595;0.16969;0.00715914;0.0348172;-3.1388
0.0283659;-0.0102651;0.169712;0.00709331;0.0349747;-3.13858
0.0283708;-0.0102538;0.169704;0.00705753;0.0357659;-3.13894
0.0283657;-0.0102622;0.169719;0.0075221;0.0352526;-3.13955
0.0283722;-0.0102543;0.169728;0.00731662;0.0360119;-3.13854
0.0283718;-0.010254;0.169705;0.00714997;0.0350205;-3.13785
0.0283595;-0.0102563;0.169702;0.0069718;0.0358605;-3.13853
0.0283722;-0.0102693;0.169704;0.00707578;0.034944;-3.13957
0.0283619;-0.0102636;0.169726;0.00711813;0.035358;-3.13909
0.0283763;-0.0102557;0.169697;0.00728282;0.0352987;-3.1391
0.028379;-0.0102504;0.169674;0.0070852;0.0338884;-3.13842
0.028375;-0.0102649;0.169731;0.00712599;0.0344189;-3.13816
0.0283733;-0.0102484;0.169693;0.00726405;0.0349575;-3.13736
0.0283565;-0.0102576;0.169719;0.00717554;0.0362375;-3.13916
0.028371;-0.0102586;0.169722;0.00715349;0.0355024;-3.13908
0.0283564;-0.010261;0.169668;0.00739696;0.0354599;-3.139
0.028359;-0.0102496;0.169693;0.0072366;0.0356942;-3.13854
0.0283655;-0.0102515;0.169726;0.00698021;0.0356015;-3.13853
0.0283402;-0.0102512;0.16969;0.007185;0.0369896;-3.13758
0.0283804;-0.0102735;0.169714;0.00709585;0.0346438;-3.14
0.0283678;-0.0102511;0.16972;0.006992;0.0350742;-3.13777
0.0283744;-0.0102446;0.169699;0.00714837;0.0345112;-3.13795
0.0283463;-0.0102553;0.169701;0.00715805;0.036495;-3.13807
0.0283816;-0.0102551;0.169716;0.00720554;0.0349233;-3.13857
0.0283707;-0.0102727;0.169697;0.00720209;0.0348138;-3.14068
0.0283788;-0.0102501;0.169688;0.00719783;0.0347223;-3.13758
0.028379;-0.010257;0.169701;0.00710885;0.0349918;-3.13861
0.0283683;-0.0102666;0.169718;0.00699501;0.0339934;-3.13903
0.0283773;-0.0102508;0.169716;0.00703203;0.0344456;-3.13849
0.0283588;-0.0102738;0.169713;0.00728867;0.0353869;-3.13994
0.0283892;-0.0102494;0.169688;0.00724792;0.0340803;-3.13823
0.0283679;-0.0102453;0.169727;0.00719481;0.0371073;-3.13697
0.0283527;-0.0102778;0.16971;0.00720438;0.0347604;-3.1394
0.0283652;-0.010259;0.169707;0.00698177;0.0345364;-3.13805
0.028367;-0.0102467;0.169724;0.00721894;0.0356448;-3.13789
0.0283653;-0.0102585;0.169708;0.00697685;0.0349587;-3.13839
0.0283588;-0.0102646;0.169727;0.00701539;0.0357109;-3.13857
0.028366;-0.0102722;0.169716;0.00710259;0.034208;-3.13928
0.028364;-0.0102776;0.16971;0.00690501;0.0348828;-3.14
0.0283768;-0.0102442;0.16967;0.00704023;0.0345791;-3.13737
0.0283594;-0.0102642;0.169697;0.00693652;0.0360203;-3.13933
0.0283659;-0.0102623;0.169714;0.00686288;0.0357541;-3.13837
0.028368;-0.0102692;0.169689;0.00710832;0.035309;-3.13972
0.0283701;-0.0102569;0.169721;0.00699115;0.0353588;-3.13866
0.0283599;-0.0102724;0.16969;0.00699179;0.0357697;-3.13954
0.0283666;-0.0102751;0.169692;0.0071776;0.034434;-3.1397
0.0283735;-0.0102572;0.169696;0.00707321;0.0340537;-3.13909
0.0283774;-0.0102707;0.169744;0.00694623;0.0343256;-3.13849
0.0283769;-0.0102559;0.169748;0.00717772;0.0342131;-3.13808
0.028352;-0.0102732;0.169713;0.00712045;0.0360462;-3.13958
0.0283608;-0.0102563;0.169713;0.0072367;0.0349393;-3.13841
0.0283754;-0.0102626;0.169716;0.00704856;0.0345939;-3.13928
0.0283563;-0.0102724;0.169738;0.00742247;0.0363542;-3.13998
0.0283607;-0.0102695;0.169715;0.00695004;0.0352337;-3.13929
0.0283716;-0.0102609;0.169711;0.00714135;0.0343719;-3.13887
0.0283619;-0.0102711;0.169709;0.00729537;0.0355974;-3.13952
0.0283558;-0.0102693;0.16976;0.0074076;0.0369138;-3.13947
0.0283667;-0.0102528;0.169708;0.00712728;0.0361633;-3.13817
0.0283581;-0.0102763;0.16973;0.00688024;0.0357463;-3.13953
0.0283528;-0.0102546;0.16972;0.00694005;0.0359592;-3.13774
0.0283535;-0.0102737;0.169727;0.00737877;0.0356913;-3.13976
0.02835;-0.010268;0.169692;0.00719417;0.0359082;-3.13876
0.0283645;-0.0102564;0.169721;0.0070283;0.0349507;-3.13858
0.0283656;-0.0102629;0.169725;0.00689842;0.0338533;-3.13943
0.0283785;-0.0102704;0.16974;0.00724095;0.0346457;-3.13938
0.0283671;-0.0102444;0.169719;0.00715458;0.0356372;-3.13744
0.0283827;-0.0102622;0.169749;0.00723711;0.0353086;-3.13823
0.0283667;-0.0102602;0.169721;0.00715406;0.0358274;-3.13887
0.0283579;-0.0102802;0.16975;0.00698195;0.0351872;-3.14026
0.0283739;-0.010264;0.169719;0.00691238;0.0346993;-3.13818
0.0283667;-0.0102654;0.169711;0.00706468;0.0356238;-3.13979
0.0283578;-0.0102277;0.169694;0.00743849;0.0360565;-3.13776
0.028359;-0.0102586;0.169713;0.00722412;0.0358287;-3.13805
0.0283577;-0.0102447;0.169732;0.00733701;0.0360855;-3.13676
0.0283589;-0.0102649;0.169734;0.00686667;0.0354669;-3.13894
0.0283679;-0.0102532;0.169715;0.00711279;0.0346602;-3.13842
0.0283645;-0.0102639;0.169716;0.00707766;0.0352111;-3.13985
0.0283689;-0.0102668;0.169738;0.00722434;0.0354225;-3.13938
0.0283639;-0.0102668;0.169716;0.0069854;0.0345942;-3.13936
0.0283499;-0.0102648;0.169715;0.00669608;0.0355118;-3.13831
0.0283759;-0.0102585;0.169765;0.00718899;0.0348212;-3.13831
0.0283613;-0.0102626;0.169722;0.00718725;0.0357846;-3.13854
0.0283664;-0.0102658;0.169703;0.0069428;0.0345143;-3.13997
0.0283778;-0.0102639;0.169715;0.00708552;0.0335785;-3.1394
0.0283553;-0.0102611;0.169726;0.00708542;0.0355387;-3.13859
0.0283644;-0.0102538;0.169721;0.0073817;0.0355815;-3.13925
0.0283592;-0.0102595;0.169731;0.00693189;0.0354891;-3.13784
0.028356;-0.0102569;0.169718;0.00721969;0.0362806;-3.13844
0.0283576;-0.0102606;0.169744;0.0071615;0.0362229;-3.13918
0.0283704;-0.0102732;0.169757;0.00719601;0.0358222;-3.14
0.0283535;-0.0102794;0.169746;0.00704976;0.03539;-3.14076
0.0283796;-0.0102556;0.169707;0.00706875;0.0352175;-3.13782
0.0283684;-0.0102603;0.169704;0.00690912;0.0355439;-3.13869
0.0283498;-0.0102641;0.169756;0.00700827;0.0365857;-3.13831
0.0283625;-0.0102729;0.169774;0.00697706;0.0360988;-3.13931
0.0283611;-0.0102685;0.16973;0.00703726;0.0360164;-3.13956
0.028379;-0.0102832;0.169733;0.00702624;0.0337992;-3.1405
0.0283664;-0.0102537;0.169723;0.00718344;0.0353099;-3.13868
0.0283813;-0.0102782;0.169768;0.00715935;0.034306;-3.13995
0.0283608;-0.0102633;0.16975;0.00727111;0.0361634;-3.13983
0.0283546;-0.0102605;0.169716;0.00721598;0.0359782;-3.13914
0.028376;-0.0102511;0.169738;0.00696583;0.0352402;-3.13881
0.0283617;-0.0102797;0.16971;0.00682096;0.0342877;-3.14084
0.0283677;-0.0102596;0.169733;0.0070724;0.0347915;-3.13865
0.0283678;-0.0102721;0.169737;0.00709996;0.0346367;-3.13967
0.0283583;-0.0102629;0.169743;0.00702324;0.0354353;-3.13934
0.0283602;-0.0102658;0.16975;0.00691903;0.0355762;-3.13907
0.0283557;-0.0102827;0.16975;0.0072146;0.0365439;-3.14054
0.0283604;-0.0102556;0.16976;0.00707719;0.0360506;-3.13842
0.0283619;-0.0102618;0.169746;0.00684669;0.0356425;-3.13911
0.0283502;-0.0102894;0.169742;0.0072656;0.0356181;-3.14087
0.0283648;-0.0102559;0.169732;0.00682048;0.0345648;-3.13946
0.0283654;-0.0102522;0.169716;0.00715384;0.0364446;-3.13826
0.0283598;-0.0102635;0.169754;0.00716865;0.0362241;-3.13824
0.0283561;-0.0102833;0.169706;0.00698798;0.0345083;-3.14002
0.028365;-0.0102617;0.169721;0.00681602;0.0350452;-3.13858
0.0283501;-0.0102736;0.169726;0.00679811;0.0354399;-3.13975
0.0283559;-0.0102629;0.169755;0.00724269;0.0364835;-3.13839
0.0283635;-0.0102666;0.16975;0.00673225;0.0355072;-3.13931
0.0283584;-0.0102807;0.169752;0.0069193;0.0359597;-3.14067
0.0283591;-0.010268;0.169739;0.00700189;0.0358575;-3.13983
0.0283825;-0.0102544;0.16975;0.00706015;0.0344672;-3.13848
0.0283692;-0.01026;0.16975;0.00689798;0.035298;-3.13852
0.0283588;-0.0102616;0.16968;0.007088;0.0348047;-3.13915
0.0283574;-0.0102675;0.169714;0.00706064;0.0347967;-3.13938
0.0283523;-0.0102618;0.169762;0.00714778;0.0367393;-3.13885
0.0283712;-0.0102574;0.16974;0.00712536;0.0351163;-3.13857
0.0283728;-0.010275;0.169713;0.00723407;0.0345574;-3.13942
0.0283609;-0.0102613;0.169745;0.00726864;0.0361946;-3.13904
0.0283685;-0.0102576;0.169751;0.00682534;0.0346174;-3.13908
0.0283644;-0.0102611;0.169773;0.00700562;0.035267;-3.13931
0.0283586;-0.0102759;0.169732;0.00694725;0.0353346;-3.13976
0.0283622;-0.0102711;0.169734;0.00719128;0.0358589;-3.13902
0.0283585;-0.0102716;0.169752;0.00730772;0.0366258;-3.13953
0.0283567;-0.0102665;0.169694;0.00711015;0.0368633;-3.14019
0.028363;-0.0102626;0.16975;0.00708581;0.0355493;-3.1395
0.0283499;-0.0102715;0.169737;0.00712698;0.0358995;-3.14027
0.0283645;-0.0102543;0.169747;0.00711308;0.036055;-3.13845
0.028362;-0.0102533;0.16974;0.00683346;0.0360818;-3.13672
0.0283431;-0.0102817;0.169741;0.00690172;0.0361343;-3.14068
0.0283616;-0.0102702;0.169763;0.00709609;0.0355761;-3.13995
0.0283479;-0.0102689;0.169703;0.00676357;0.0348948;-3.14013
0.0283764;-0.0102487;0.169743;0.00702956;0.0346577;-3.13784
0.0283577;-0.0102663;0.169714;0.00698882;0.0355592;-3.13974
0.028347;-0.0102834;0.169752;0.00712749;0.0356214;-3.14059
0.0283727;-0.0102763;0.169738;0.00708188;0.0343738;-3.14104
0.0283671;-0.0102907;0.169744;0.00662534;0.0351496;-3.14118
0.0283783;-0.010253;0.169716;0.00698828;0.0346113;-3.13871
0.0283551;-0.0102776;0.169724;0.00735397;0.0355413;-3.14128
0.0283633;-0.0102703;0.169715;0.00688475;0.0345012;-3.13967
0.0283676;-0.0102703;0.169762;0.00704425;0.0361482;-3.14001
0.0283765;-0.0102502;0.169721;0.00713902;0.0357355;-3.13769
0.0283575;-0.0102669;0.169721;0.00733422;0.0356092;-3.1396
0.028362;-0.0102659;0.169745;0.00716114;0.0359828;-3.13969
0.0283631;-0.0102656;0.169718;0.00698693;0.0357392;-3.14
0.0283627;-0.0102694;0.16976;0.00669503;0.0348895;-3.13917
0.0283569;-0.0102599;0.16969;0.00702962;0.035193;-3.13852
0.0283707;-0.0102568;0.169739;0.00723164;0.0352908;-3.13836
0.0283687;-0.0102674;0.169762;0.00707847;0.035226;-3.13957
0.0283651;-0.0102573;0.169721;0.00710076;0.0355551;-3.1385
0.0283496;-0.0102621;0.169748;0.00697051;0.035753;-3.13971
0.0283619;-0.0102517;0.16972;0.00731607;0.0364235;-3.13891
0.0283771;-0.0102623;0.169762;0.00714795;0.0351246;-3.13787
0.0283651;-0.0102719;0.169758;0.00710439;0.0354906;-3.13852
0.0283696;-0.0102643;0.169749;0.00697736;0.0344479;-3.1384
0.0283514;-0.0102746;0.16977;0.00721556;0.0367444;-3.1397
0.0283742;-0.0102653;0.169784;0.00718851;0.0353731;-3.13791
0.0283698;-0.0102686;0.169751;0.00709631;0.0344347;-3.13871
0.0283808;-0.01028;0.169762;0.00699841;0.034123;-3.13944
0.0283766;-0.0102838;0.169746;0.00724867;0.0345098;-3.14083
0.0283596;-0.0102603;0.169747;0.00688423;0.0359808;-3.13755
0.028388;-0.0102538;0.169763;0.00723132;0.0350081;-3.13753
0.028376;-0.0102902;0.169763;0.00722483;0.0349824;-3.14017
0.0283661;-0.0102681;0.169755;0.00691045;0.0352475;-3.13954
0.0283857;-0.0102586;0.169755;0.00723854;0.0351221;-3.13826
0.0283518;-0.0102748;0.169741;0.00697396;0.0354941;-3.13932
0.0283795;-0.0102688;0.169746;0.00688085;0.0341737;-3.13834
0.0283717;-0.010257;0.169766;0.00715459;0.0356293;-3.1384
0.0283743;-0.0102547;0.169745;0.00728719;0.0357838;-3.13873
0.0283565;-0.0102741;0.169744;0.00715609;0.0358165;-3.14
0.0283676;-0.0102663;0.169718;0.00692465;0.03422;-3.14038
0.0283523;-0.0102682;0.169749;0.00703767;0.0359099;-3.13882
0.0283729;-0.0102653;0.169748;0.00719272;0.0350278;-3.13815
0.0283589;-0.0102686;0.169747;0.00705017;0.0356196;-3.1393
0.0283667;-0.0102586;0.169751;0.00707658;0.0357866;-3.13856
0.0283607;-0.0102714;0.169725;0.00698025;0.0341114;-3.13982
0.0283849;-0.0102625;0.169755;0.00727871;0.0354073;-3.13833
0.0283702;-0.0102776;0.169749;0.00708603;0.0343265;-3.14011
0.0283484;-0.0102721;0.169736;0.00716812;0.0362343;-3.13982
0.0283748;-0.0102903;0.169717;0.00707334;0.0345924;-3.14141
0.0283658;-0.0102487;0.169721;0.00717663;0.0354985;-3.13683
0.0283707;-0.0102729;0.169763;0.0071674;0.0353886;-3.14027
0.0283651;-0.0102635;0.169785;0.00679658;0.0351626;-3.13891
0.0283591;-0.0102692;0.16973;0.00738285;0.0363562;-3.14045
0.028379;-0.0102524;0.169746;0.00746006;0.035862;-3.13744
0.0283822;-0.0102488;0.169762;0.00754462;0.0342193;-3.13831
0.0283783;-0.0102742;0.169746;0.0070856;0.0344932;-3.13966
0.0283564;-0.010275;0.169743;0.0071921;0.0342614;-3.14062
0.0283672;-0.0102652;0.169747;0.00722271;0.0363078;-3.13911
0.0283643;-0.0102615;0.169744;0.00711217;0.0353635;-3.13877
0.0283734;-0.0102682;0.169728;0.00721043;0.0345382;-3.13952
0.0283599;-0.0102702;0.169743;0.0069599;0.0343594;-3.13985
0.0283738;-0.0102547;0.169739;0.00729803;0.0352494;-3.13727
0.0283542;-0.010275;0.169759;0.00715736;0.0363803;-3.1408
0.0283556;-0.0102681;0.169756;0.00713779;0.0356325;-3.1394
0.0283695;-0.0102717;0.169762;0.00709899;0.0340662;-3.13943
0.0283787;-0.0102682;0.169732;0.00716338;0.0349137;-3.13896
0.0283597;-0.0102735;0.169767;0.00690604;0.035154;-3.13964
0.0283712;-0.0102907;0.169746;0.00720784;0.0347202;3.14155
0.0283586;-0.0102746;0.169742;0.00687263;0.0346554;-3.14018
0.0283637;-0.0102705;0.169741;0.00713688;0.0356805;-3.13859
0.0283562;-0.0102797;0.169746;0.0072777;0.0352381;-3.14085
0.0283567;-0.0102761;0.169778;0.00724269;0.0359577;-3.14075
0.0283698;-0.0102777;0.169756;0.0069273;0.0348541;-3.14043
0.0283868;-0.0102593;0.169767;0.00687102;0.0344364;-3.13784
0.0283686;-0.0102709;0.169759;0.00695184;0.0348872;-3.1394
0.0283642;-0.0102542;0.169755;0.00698592;0.0352832;-3.13791
0.0283747;-0.0102776;0.169761;0.00720666;0.0343875;-3.14001
0.0283609;-0.0102461;0.169715;0.00694952;0.0367165;-3.13704
0.028372;-0.0102671;0.169756;0.00686301;0.0347097;-3.13998
0.0283795;-0.0102576;0.169741;0.00721456;0.0343477;-3.13913
0.0283699;-0.0102497;0.169737;0.00683816;0.0344759;-3.13831
0.0283737;-0.0102457;0.169741;0.00712027;0.0360928;-3.13661
0.0283602;-0.0102634;0.169773;0.00726446;0.0354085;-3.14
0.0283625;-0.0102636;0.169736;0.00715843;0.0356082;-3.1405
0.0283632;-0.0102645;0.169746;0.00724044;0.0361299;-3.13978
0.0283746;-0.0102693;0.169738;0.00712264;0.0349395;-3.13982
0.0283535;-0.0102589;0.169743;0.00720274;0.0360387;-3.13858
0.0283506;-0.0102858;0.169753;0.00720375;0.0358792;-3.14031
0.0283574;-0.0102777;0.169768;0.00710102;0.0357056;-3.13897
0.0283574;-0.0102582;0.169734;0.00711212;0.0352084;-3.13737
0.0283368;-0.0102715;0.169735;0.00713915;0.0356025;-3.14002
0.0283722;-0.010271;0.16978;0.00707934;0.0352469;-3.13997
0.0283777;-0.0102686;0.169743;0.00708126;0.0333967;-3.14001
0.0283665;-0.0102525;0.169759;0.00699299;0.0364636;-3.13741
0.0283628;-0.0102863;0.169768;0.00689708;0.034976;-3.14052
0.0283589;-0.0102771;0.169755;0.00705675;0.0357108;-3.14112
0.0283732;-0.0102697;0.169743;0.00696649;0.0340226;-3.13937
0.0283557;-0.0102657;0.169738;0.00708669;0.0367207;-3.13847
0.028377;-0.0102748;0.169754;0.00728661;0.034015;-3.1403
0.028365;-0.0102629;0.16978;0.00701188;0.0356368;-3.13877
0.0283623;-0.0102813;0.169766;0.00713776;0.0362994;-3.14039
0.0283734;-0.0102692;0.169749;0.00725553;0.0359711;-3.13868
0.0283684;-0.0102856;0.169768;0.00719042;0.0346831;-3.14101
0.0283708;-0.010264;0.16976;0.00711166;0.0350467;-3.13987
0.0283726;-0.010272;0.169755;0.00710357;0.0335574;-3.13962
0.0283751;-0.0102519;0.169744;0.00709639;0.035043;-3.13802
0.0283653;-0.0102703;0.16977;0.00696699;0.0357401;-3.13917
0.0283651;-0.010261;0.169796;0.00715819;0.0355636;-3.13839
0.0283797;-0.0102716;0.169767;0.00712465;0.0345628;-3.13991
0.0283655;-0.010263;0.169733;0.00710011;0.0354373;-3.1387
0.0283712;-0.0102695;0.169747;0.00704937;0.0349103;-3.13949
0.0283471;-0.0102697;0.169736;0.00687853;0.0363874;-3.13915
0.0283625;-0.0102773;0.169751;0.00726431;0.0355623;-3.13997
0.0283665;-0.010251;0.169766;0.00709823;0.0351917;-3.13707
0.02836;-0.0102705;0.169759;0.00700845;0.0348079;-3.139
0.0283594;-0.0102777;0.169767;0.00691292;0.0352633;-3.14051
0.0283646;-0.0102602;0.169738;0.007001;0.0351371;-3.13902
0.0283893;-0.0102506;0.169743;0.00721469;0.0346913;-3.13756
0.0283689;-0.01027;0.169758;0.00716979;0.0342992;-3.13961
0.0283641;-0.0102685;0.169787;0.0070541;0.0358483;-3.14009
0.0283537;-0.0102764;0.169773;0.00707809;0.0355335;-3.13939
0.0283793;-0.0102493;0.169765;0.0071779;0.0353602;-3.13698
0.0283484;-0.0102719;0.169789;0.00710429;0.0354974;-3.13945
0.0283655;-0.0102607;0.169778;0.00706208;0.0351702;-3.13834
0.0283668;-0.0102943;0.169789;0.00703414;0.0355338;-3.14155
0.028373;-0.0102644;0.16974;0.00729807;0.0357269;-3.13904
0.0283688;-0.0102712;0.169803;0.00714716;0.0356522;-3.13927
0.0283681;-0.0102759;0.169789;0.00676455;0.0348452;-3.13874
0.028362;-0.0102835;0.169771;0.00700808;0.0349521;-3.14044
0.0283771;-0.0102686;0.169764;0.007044;0.0359313;-3.13911
0.0283508;-0.0102838;0.169752;0.00729155;0.0354815;-3.14127
0.0283651;-0.0102596;0.169763;0.00694306;0.034234;-3.13927
0.0283579;-0.0102693;0.169776;0.00709183;0.0358909;-3.14022
0.0283503;-0.0102725;0.169741;0.00679543;0.0363621;-3.13904
0.028365;-0.0102703;0.169756;0.00694512;0.0344721;-3.13918
0.0283489;-0.0102597;0.169744;0.00725535;0.0357615;-3.13978
0.0283758;-0.0102558;0.16977;0.00702298;0.0351249;-3.13847
0.0283659;-0.010262;0.169755;0.00698202;0.0353447;-3.13866
0.0283691;-0.0102691;0.169749;0.00702001;0.0349727;-3.1391
0.0283703;-0.0102606;0.169753;0.00716201;0.0347735;-3.13845
0.0283704;-0.0102676;0.169763;0.0067725;0.0340337;-3.14027
0.0283693;-0.0102697;0.169768;0.00716664;0.0361115;-3.1385
0.028381;-0.0102704;0.169773;0.00701891;0.0338085;-3.13954
0.0283643;-0.0102726;0.16975;0.00696896;0.0355261;-3.14029
0.0283796;-0.010281;0.169779;0.00707595;0.0345471;-3.14051
0.0283783;-0.010258;0.169722;0.0073823;0.0337733;-3.13851
0.0283671;-0.0102653;0.169777;0.00700331;0.0337023;-3.1393
0.0283785;-0.0102573;0.16976;0.00722605;0.0348201;-3.13864
0.0283579;-0.0102833;0.169818;0.00729661;0.0360904;-3.14043
0.0283799;-0.0102553;0.169777;0.0071251;0.0358401;-3.13804
0.0283873;-0.0102593;0.169807;0.00714908;0.0340361;-3.13843
0.0283623;-0.0102638;0.169765;0.00703519;0.0349301;-3.13978
0.0283799;-0.0102722;0.169736;0.00710176;0.0341631;-3.13998
0.0283696;-0.0102629;0.169729;0.00751188;0.0349094;-3.13909
0.0283723;-0.0102622;0.169733;0.00742081;0.0353822;-3.1395
0.0283648;-0.0102679;0.169789;0.00697708;0.0352565;-3.13906
0.0283638;-0.0102736;0.169773;0.00726064;0.0349163;-3.13999
0.0283569;-0.0102718;0.16974;0.00747451;0.0358578;-3.13961
0.028364;-0.0102782;0.169772;0.0069993;0.0353553;-3.14012
0.0283625;-0.010273;0.169792;0.00719591;0.0362736;-3.13944
0.028369;-0.0102577;0.169763;0.00708902;0.034419;-3.13864
0.0283607;-0.0102591;0.169789;0.00731657;0.0361861;-3.13821
0.0283638;-0.0102791;0.169776;0.00705657;0.0353531;-3.13994
0.0283854;-0.0102706;0.169762;0.00747747;0.0350379;-3.14005
0.0283708;-0.0102661;0.169765;0.00695659;0.0343137;-3.13993
0.0283786;-0.0102532;0.169758;0.00705963;0.0355593;-3.13746
0.0283628;-0.0102802;0.169772;0.00703793;0.0363077;-3.14033
0.0283602;-0.0102811;0.169776;0.00714505;0.0351258;-3.14037
0.0283638;-0.0102678;0.169772;0.00722227;0.035555;-3.13972
0.0283496;-0.0102674;0.169775;0.00702786;0.037096;-3.13852
0.0292352;-0.0101588;0.16973;0.00526615;0.0366163;-3.14016
0.0292404;-0.0101736;0.169773;0.00553706;0.0378575;-3.14097
0.0292284;-0.0101739;0.169774;0.00495628;0.0395894;-3.14031
0.0292394;-0.0101848;0.169749;0.0053303;0.0384231;-3.14121
0.0292669;-0.010162;0.169733;0.00523282;0.0360174;-3.14057
0.0292603;-0.0101645;0.169752;0.00547663;0.0358665;-3.14106
0.0292331;-0.0101608;0.169732;0.00502633;0.0375954;-3.1402
0.0292199;-0.0101638;0.169712;0.00503293;0.0383817;-3.13995
0.0292278;-0.0101738;0.169726;0.00502342;0.0382221;-3.13972
0.0292396;-0.0101644;0.169737;0.0051759;0.0379356;-3.14071
0.029239;-0.0101689;0.169743;0.00493483;0.0366113;-3.14046
0.0292448;-0.0101568;0.16976;0.00543254;0.0375608;-3.14036
0.0292459;-0.0101638;0.169771;0.0052991;0.0386142;-3.1401
0.0292426;-0.0101601;0.16974;0.00506534;0.0369968;-3.1405
0.0292585;-0.0101673;0.169761;0.00522099;0.0365193;-3.14036
0.0292371;-0.0101615;0.169762;0.00501094;0.0381143;-3.14017
0.0292342;-0.0101804;0.169741;0.00508044;0.038464;-3.14095
0.0292442;-0.0101951;0.169756;0.00533125;0.0377595;3.14116
0.0292324;-0.010178;0.169731;0.00554012;0.0377526;-3.14119
0.0292467;-0.0101716;0.169772;0.0052723;0.0375759;-3.14098
0.029222;-0.0101711;0.169742;0.00517544;0.0392131;-3.14019
0.0292609;-0.0101841;0.169758;0.00536822;0.036269;-3.14133
0.0292584;-0.0101994;0.169745;0.00507505;0.035752;3.14127
0.029256;-0.0101754;0.169729;0.00545379;0.0365244;-3.14091
0.0292501;-0.0101829;0.169737;0.00547196;0.0374176;-3.1411
0.0292562;-0.0101634;0.169745;0.00526182;0.0373566;-3.14035
0.0292613;-0.0101763;0.169782;0.00555643;0.0368123;-3.1409
0.0292408;-0.0101898;0.169744;0.00514446;0.0377513;-3.14144
0.0292508;-0.0101786;0.169741;0.00545797;0.0370418;-3.14072
0.0292308;-0.0101842;0.169723;0.00518406;0.0381445;-3.14119
0.02925;-0.010164;0.169745;0.00525528;0.0375448;-3.14015
0.0292491;-0.0101911;0.169741;0.00531612;0.0367537;3.14095
0.0292232;-0.010171;0.169746;0.00478177;0.039712;-3.13966
0.0292592;-0.0101698;0.169734;0.00514865;0.0372163;-3.13987
0.0292547;-0.010163;0.169766;0.00530405;0.0367692;-3.13976
0.0292537;-0.0101738;0.169715;0.00511812;0.0362815;-3.14011
0.0292648;-0.0101762;0.16974;0.00502303;0.0365119;-3.13978
0.0292671;-0.0101782;0.169752;0.00542689;0.0357898;3.14153
0.0292584;-0.0101922;0.169756;0.00535192;0.0364703;-3.14158
0.0292617;-0.0101746;0.169784;0.00531862;0.0376103;-3.14034
0.029257;-0.0101864;0.169728;0.00551157;0.0365761;-3.14095
0.0292393;-0.0101839;0.169755;0.00530485;0.0375614;-3.14101
0.0292523;-0.0101847;0.169777;0.00543904;0.0374242;3.14152
0.0292545;-0.0101788;0.169733;0.00565076;0.0363438;-3.1407
0.0292552;-0.0101802;0.169742;0.00544501;0.0373879;-3.13986
0.0292609;-0.0101838;0.169786;0.0053213;0.0377065;-3.14058
0.0292664;-0.0101888;0.16977;0.00545494;0.0366716;-3.14131
0.0292628;-0.0101973;0.169741;0.00541769;0.0371473;-3.14148
0.0292592;-0.0102062;0.169711;0.00540796;0.0357808;-3.14106
0.0292639;-0.0102209;0.169742;0.00524768;0.0363778;3.14123
0.0292751;-0.0102295;0.169734;0.00533816;0.0364787;3.14103
0.0292822;-0.0102135;0.169746;0.00535432;0.0356652;-3.14073
0.0292817;-0.010223;0.169748;0.00507103;0.0363456;-3.14126
0.0293;-0.0102209;0.169775;0.00489701;0.0368137;-3.13915
0.0292881;-0.0102303;0.169779;0.00527684;0.0377281;-3.13996
0.0292747;-0.0102432;0.169767;0.00486796;0.0368891;-3.14142
0.0292604;-0.0102402;0.169761;0.00487111;0.0378929;-3.14024
0.0292898;-0.0102468;0.169749;0.00484627;0.0354571;-3.14052
0.0292974;-0.0102381;0.169765;0.00494761;0.0363517;-3.14127
0.0292949;-0.0102253;0.169744;0.00511069;0.0359298;-3.13981
0.0292859;-0.0102325;0.169772;0.00509471;0.0373494;-3.14029
0.029299;-0.010225;0.16975;0.00511178;0.0370285;-3.13997
0.0292886;-0.0102223;0.169754;0.00540848;0.0371199;-3.14003
0.0292927;-0.0102322;0.169765;0.00510634;0.0369806;-3.14047
0.0292996;-0.0102343;0.169741;0.00494819;0.036156;-3.13954
0.0292975;-0.0102311;0.169781;0.00519273;0.0378376;-3.13903
0.0292905;-0.0102223;0.169755;0.0051749;0.0372006;-3.13923
0.0293053;-0.0102361;0.169758;0.00504842;0.0357286;-3.14018
0.0292973;-0.0102251;0.169751;0.00485412;0.0370653;-3.13967
0.0292869;-0.0102365;0.169778;0.00485759;0.0369668;-3.13945
0.0292977;-0.0102289;0.169774;0.00504345;0.036387;-3.13963
0.0292895;-0.0102419;0.169761;0.00525447;0.0366259;-3.14132
0.0292979;-0.0102246;0.169743;0.00511334;0.0365966;-3.13978
0.0292844;-0.0102345;0.169739;0.00504731;0.0378762;-3.13933
0.0292729;-0.0102188;0.169768;0.00484464;0.0376765;-3.13895
0.029291;-0.0102329;0.169771;0.00481925;0.0362947;-3.13998
0.029296;-0.0102286;0.169744;0.00521838;0.0365227;-3.13975
0.02928;-0.010252;0.169758;0.00468755;0.037439;-3.13987
0.0292902;-0.0102077;0.169778;0.00533722;0.0376784;-3.13896
0.0292938;-0.0102271;0.169749;0.00487084;0.0360928;-3.13954
0.0293024;-0.0102313;0.16976;0.00537444;0.0352151;-3.14014
0.0292848;-0.010237;0.169768;0.0052612;0.0366646;-3.14133
0.0292824;-0.0102461;0.169755;0.00506384;0.0366354;-3.14135
0.0292937;-0.0102254;0.169764;0.00496367;0.0371913;-3.1392
0.0293137;-0.0102399;0.16975;0.00503671;0.0352098;-3.14057
0.0292904;-0.0102278;0.169748;0.00481048;0.0370082;-3.13992
0.0292952;-0.0102291;0.169769;0.00528199;0.0373443;-3.13963
0.029299;-0.0102173;0.169759;0.00507108;0.0364302;-3.1388
0.0292812;-0.0102368;0.169723;0.00502419;0.0366521;-3.14046
0.0292961;-0.0102279;0.169745;0.00502123;0.036605;-3.13953
0.0292986;-0.0102323;0.169789;0.00498698;0.0372133;-3.1396
0.0292745;-0.0102367;0.169775;0.00523419;0.0373216;3.14129
0.0292995;-0.0102265;0.169765;0.00501245;0.0363301;-3.1397
0.0292782;-0.0102328;0.169773;0.00510908;0.0384631;-3.1403
0.0292873;-0.0102282;0.169745;0.00515334;0.03684;-3.14049
0.0293021;-0.0102123;0.169766;0.00475575;0.0356355;-3.1383
0.0292918;-0.0102254;0.16976;0.00504531;0.0368237;-3.1394
0.0293006;-0.0102379;0.16976;0.0051128;0.0371231;-3.13942
0.0292857;-0.0102398;0.169753;0.00519606;0.0378062;-3.14103
0.0292935;-0.010234;0.169743;0.00517748;0.0364015;-3.13998
0.0292929;-0.0102291;0.169738;0.00520971;0.0364991;-3.13995
0.0292739;-0.0102384;0.169744;0.00497786;0.0378144;-3.1398
0.0292968;-0.0102262;0.169764;0.00521745;0.0369712;-3.13912
0.0292664;-0.0102495;0.169763;0.00502035;0.037879;3.14139
0.0293089;-0.0102303;0.16975;0.00504555;0.0354391;-3.1394
0.0292963;-0.0102269;0.169753;0.00506227;0.0369245;-3.13847
0.0292996;-0.0102126;0.16975;0.00516764;0.0360461;-3.13879
0.0292885;-0.0102145;0.169763;0.00508298;0.0369216;-3.1387
0.0292942;-0.0102238;0.169757;0.00527918;0.0361585;-3.14079
0.029278;-0.0102341;0.169746;0.00482268;0.0368966;-3.1407
0.0292738;-0.0102442;0.169753;0.0051925;0.0371004;-3.14139
0.0292938;-0.0102279;0.169741;0.00518269;0.0363577;-3.1397
0.0292931;-0.0102182;0.169758;0.00513307;0.0363034;-3.13935
0.0292812;-0.0102407;0.169756;0.00494686;0.0366841;-3.14069
0.0292792;-0.0102393;0.169761;0.00522274;0.0373287;-3.14063
0.0293076;-0.0102196;0.169757;0.00510571;0.0349024;-3.14017
0.0292868;-0.0102152;0.169739;0.00525372;0.0367552;-3.13894
0.0292994;-0.0102146;0.169771;0.00495805;0.0361443;-3.13811
0.0292959;-0.0102227;0.169757;0.00497793;0.0366217;-3.13882
0.0292982;-0.010242;0.16977;0.00495995;0.036821;-3.14097
0.0292926;-0.0102299;0.169773;0.00498581;0.0354322;-3.14082
0.0292806;-0.0102432;0.169773;0.00484583;0.0367247;-3.14117
0.029304;-0.0102248;0.169764;0.00536211;0.0361333;-3.13963
0.0292939;-0.0102365;0.169761;0.00493049;0.0365831;-3.13957
0.0292865;-0.0102357;0.169764;0.00519999;0.036797;-3.14022
0.0293074;-0.0102246;0.169749;0.00518395;0.0353445;-3.13978
0.0292874;-0.0102316;0.169769;0.00525731;0.0374987;-3.14025
0.0292888;-0.0102382;0.169756;0.00507613;0.0359605;-3.14128
0.0292833;-0.0102379;0.169783;0.0049063;0.0369827;-3.14093
0.0293092;-0.0102192;0.169775;0.00513113;0.0366089;-3.13899
0.0292814;-0.0102198;0.169763;0.00496911;0.0370046;-3.13962
0.0293016;-0.0102288;0.169771;0.00491107;0.0359401;-3.13982
0.0292985;-0.0102212;0.169774;0.00515566;0.0362764;-3.13953
0.029277;-0.0102149;0.169734;0.00523425;0.0377644;-3.13913
0.029288;-0.0102291;0.169743;0.00523808;0.0374125;-3.1396
0.0292687;-0.0102212;0.169743;0.00487218;0.0372895;-3.13915
0.029303;-0.0102327;0.16978;0.00515646;0.0365307;-3.14041
0.0292688;-0.0102018;0.169769;0.00473971;0.0377206;-3.1389
0.0292862;-0.0102427;0.169775;0.00512417;0.0366602;-3.14117
0.0292893;-0.0102383;0.169788;0.00502771;0.0362155;-3.13991
0.0292867;-0.0102356;0.169774;0.00499314;0.0374917;-3.14021
0.0292909;-0.0102337;0.169757;0.00514822;0.0371205;-3.13951
0.0292891;-0.010247;0.169798;0.00487926;0.0367195;3.14142
0.0292877;-0.0102336;0.169749;0.00516353;0.035906;3.14117
0.0292961;-0.0102203;0.169747;0.00524786;0.0363116;-3.14025
0.0292935;-0.0102292;0.169746;0.00522394;0.0366412;-3.13972
0.029282;-0.0102279;0.169771;0.00503921;0.0354799;-3.14109
0.0292989;-0.0102322;0.169754;0.00521573;0.0370131;-3.14006
0.0292919;-0.0102343;0.16978;0.00507471;0.0364553;-3.13975
0.0292802;-0.0102458;0.169761;0.00489293;0.0366881;-3.14037
0.0292935;-0.0102336;0.169774;0.00506444;0.0358688;-3.14027
0.0292981;-0.0102388;0.169756;0.00516028;0.036465;-3.1403
0.029282;-0.0102346;0.169762;0.00490399;0.0366477;-3.13993
0.0292792;-0.0102514;0.169765;0.00496896;0.0375667;-3.14101
0.0292965;-0.0102367;0.169769;0.00496245;0.0361295;-3.14052
0.0292896;-0.0102308;0.169768;0.00517724;0.0367584;-3.14056
0.0292972;-0.0102423;0.169761;0.00480534;0.0363648;-3.14059
0.0292917;-0.0102267;0.169744;0.00473721;0.0366681;-3.1389
0.0292984;-0.0102404;0.169773;0.00542187;0.0364301;3.1415
0.0293038;-0.0102324;0.169758;0.00486771;0.0352556;-3.14003
0.0292896;-0.0102436;0.169772;0.00502554;0.0358797;-3.14093
0.0292781;-0.0102319;0.169763;0.00492626;0.0387596;-3.13976
0.029293;-0.0102256;0.169789;0.00508434;0.0374647;-3.13922
0.0293018;-0.0102375;0.169775;0.00511289;0.0368251;-3.13964
0.0293001;-0.0102368;0.169767;0.00499483;0.0362411;-3.1404
0.0292896;-0.0102361;0.169763;0.00490392;0.0364385;-3.13987
0.0293084;-0.010237;0.169793;0.00486168;0.0359949;-3.14065
0.0292788;-0.0102353;0.169806;0.00493079;0.0379135;-3.14052
0.029292;-0.0102205;0.169782;0.00509912;0.0383471;-3.13951
0.029287;-0.0102312;0.16979;0.00509274;0.0378917;-3.13947
0.0292861;-0.010248;0.16978;0.00474303;0.0372844;-3.14097
0.0293098;-0.0102407;0.169794;0.00496919;0.0357427;-3.14038
0.0293144;-0.0102218;0.16978;0.00519706;0.0372981;-3.13878
0.0293041;-0.0102282;0.169742;0.00491128;0.0359394;-3.14011
0.0292994;-0.0102325;0.169764;0.00481151;0.0373094;-3.14018
0.0293077;-0.0102311;0.169793;0.0047225;0.0370644;-3.13996
0.0293232;-0.0102322;0.169764;0.00476762;0.0366515;-3.13941
0.0293101;-0.010224;0.169795;0.00485587;0.0374925;-3.13928
0.0293111;-0.010236;0.169776;0.00473273;0.0377866;-3.1387
0.029317;-0.0102271;0.169765;0.00503363;0.0373704;-3.13931
0.0293207;-0.0102485;0.169764;0.00498739;0.0364214;-3.14113
0.0293077;-0.0102552;0.169738;0.00454813;0.0374179;-3.14052
0.0293101;-0.0102337;0.169747;0.00475811;0.0377691;-3.13916
0.0293146;-0.010228;0.169768;0.00472516;0.0376756;-3.13884
0.0293353;-0.0102246;0.169775;0.00489568;0.0356918;-3.13943
0.0293168;-0.0102484;0.169787;0.00474995;0.0379189;-3.14
0.0293103;-0.0102228;0.169751;0.0047186;0.0375062;-3.1385
0.0293211;-0.0102342;0.169767;0.0047654;0.0370333;-3.13928
0.0293192;-0.0102507;0.169763;0.0047261;0.0373506;-3.14035
0.02931;-0.0102513;0.169728;0.00485491;0.0374745;-3.14054
0.0293171;-0.0102397;0.169745;0.00486876;0.0370619;-3.13957
0.0293294;-0.0102312;0.16973;0.00455266;0.0362421;-3.14022
0.0293257;-0.0102439;0.169739;0.00478912;0.0371482;-3.14067
0.0293256;-0.0102544;0.169764;0.0044933;0.0376138;-3.13977
0.029326;-0.0102414;0.16975;0.00479853;0.0371086;-3.14007
0.0293347;-0.010231;0.169792;0.00438655;0.0368589;-3.13782
0.0293343;-0.0102362;0.169769;0.00440292;0.037821;-3.13834
0.0293417;-0.0102308;0.169752;0.00461368;0.0363058;-3.13919
0.0293306;-0.0102444;0.169756;0.00450155;0.0373274;-3.13954
0.0293414;-0.0102422;0.169745;0.00446557;0.0356974;-3.13877
0.0293299;-0.0102507;0.169775;0.00431011;0.037669;-3.1397
0.0293285;-0.0102492;0.169779;0.00461233;0.0378072;-3.13991
0.0293382;-0.0102405;0.16976;0.00476684;0.0367685;-3.13953
0.029334;-0.010254;0.169762;0.00465175;0.0370859;-3.14001
0.0293339;-0.0102649;0.169781;0.00440272;0.0380583;-3.14038
0.0293374;-0.0102587;0.169753;0.00454689;0.0358081;-3.14127
0.0293428;-0.0102404;0.169769;0.00433891;0.0366245;-3.13823
0.0293389;-0.0102546;0.169731;0.00462109;0.0363863;-3.14003
0.0293405;-0.0102529;0.169755;0.00421854;0.0361355;-3.13991
0.029333;-0.01024;0.169763;0.00441119;0.0366744;-3.13849
0.0293284;-0.0102458;0.169751;0.00457218;0.0370995;-3.14029
0.0293288;-0.0102473;0.169757;0.00445333;0.037469;-3.13943
0.0293339;-0.0102438;0.169787;0.0044675;0.0374938;-3.13893
0.0293478;-0.0102524;0.169744;0.00429358;0.0357161;-3.13975
0.0293227;-0.0102461;0.169739;0.00484203;0.0371379;-3.13994
0.0293328;-0.0102368;0.169773;0.00417955;0.0369828;-3.13799
0.0293292;-0.0102571;0.169781;0.00449604;0.0379807;-3.14047
0.0293264;-0.0102452;0.169756;0.00443921;0.0371937;-3.13946
0.0293263;-0.0102616;0.169748;0.00457779;0.0370405;-3.141
0.0293523;-0.0102593;0.169781;0.00423543;0.0368326;-3.14033
0.029325;-0.0102604;0.169777;0.00448698;0.0374876;-3.13987
0.0293532;-0.0102371;0.169767;0.00457211;0.0354223;-3.13936
0.0293391;-0.0102572;0.169753;0.00453297;0.0362417;-3.14006
0.0293372;-0.0102379;0.169744;0.00449213;0.0367564;-3.1396
0.0293414;-0.010266;0.16977;0.0042246;0.0372425;-3.14118
0.0293357;-0.0102656;0.169798;0.00459694;0.0373142;-3.14084
0.0293407;-0.0102525;0.169767;0.00440436;0.0354478;-3.13949
0.0293372;-0.0102512;0.16978;0.00441547;0.0364022;-3.13952
0.0293364;-0.0102634;0.169786;0.00428704;0.0367874;-3.13921
0.0293551;-0.0102646;0.169734;0.00441354;0.0351869;-3.14007
0.0293516;-0.0102438;0.16978;0.00437104;0.0361724;-3.13853
0.0293156;-0.0102666;0.169785;0.00433613;0.0384634;-3.1397
0.0293383;-0.0102616;0.169729;0.00437419;0.0353634;-3.13909
0.0293324;-0.0102449;0.169771;0.00464579;0.0369949;-3.13931
0.0293417;-0.0102467;0.169778;0.0042544;0.0369589;-3.13813
0.0293133;-0.0102557;0.169751;0.00452033;0.0381612;-3.13918
0.0293373;-0.0102426;0.169753;0.00435894;0.0371351;-3.13861
0.0293211;-0.0102634;0.16974;0.00464786;0.0365658;-3.14007
0.0293304;-0.0102394;0.169789;0.00451718;0.037562;-3.13869
0.0293335;-0.0102508;0.169766;0.00440115;0.0361788;-3.13936
0.0293368;-0.010254;0.169761;0.00453455;0.0356685;-3.13886
0.029329;-0.0102704;0.169784;0.0043464;0.0374558;-3.13993
0.0293333;-0.0102317;0.169763;0.00444563;0.0364957;-3.13787
0.0293196;-0.0102606;0.169795;0.00456256;0.0379117;-3.13931
0.0293414;-0.0102557;0.169763;0.00449946;0.0359974;-3.1394
0.029334;-0.010261;0.169757;0.00420037;0.0366185;-3.14023
0.0293313;-0.0102643;0.169764;0.00442843;0.0368353;-3.14001
0.0293377;-0.0102608;0.169737;0.00452793;0.0367409;-3.14094
0.0293463;-0.0102593;0.1698;0.00432236;0.0371409;-3.13956
0.0293235;-0.0102542;0.169778;0.00447507;0.0380946;-3.13948
0.0293264;-0.0102622;0.169775;0.00468005;0.0375004;-3.14033
0.0293155;-0.0102715;0.16975;0.00458168;0.0374103;-3.14132
0.0293233;-0.0102501;0.169747;0.00461652;0.0368399;-3.13961
0.0293268;-0.0102518;0.169735;0.00458162;0.0372035;-3.13939
0.0293278;-0.0102555;0.169744;0.0046949;0.0361261;-3.13983
0.0293456;-0.010239;0.169784;0.00417491;0.0364224;-3.13877
0.0293261;-0.0102419;0.169755;0.00460461;0.0377346;-3.13848
0.0293218;-0.0102328;0.169777;0.00442469;0.0382376;-3.13814
0.0293309;-0.0102453;0.169799;0.00442213;0.0375383;-3.13921
0.0293442;-0.0102396;0.169745;0.00445266;0.0348425;-3.13892
0.0293346;-0.0102536;0.169755;0.00427716;0.0361595;-3.13967
0.0293246;-0.0102451;0.16975;0.00408098;0.0366904;-3.13834
0.0293405;-0.0102288;0.169778;0.00448668;0.0361931;-3.1372
0.0293416;-0.0102436;0.169766;0.00468647;0.0363629;-3.13921
0.0293292;-0.0102668;0.169767;0.00457921;0.037232;-3.13971
0.0293209;-0.0102433;0.169758;0.00447398;0.0372096;-3.1384
0.0293366;-0.0102601;0.169759;0.00432367;0.0358579;-3.14048
0.0293288;-0.0102481;0.16976;0.00474008;0.0358687;-3.1389
0.0293258;-0.0102489;0.169755;0.00463813;0.0369714;-3.13956
0.0293298;-0.010231;0.169765;0.00451133;0.0360923;-3.13736
0.0293436;-0.0102456;0.169776;0.00456323;0.0358414;-3.13921
0.029342;-0.0102549;0.169783;0.00447156;0.0365133;-3.13954
0.0293209;-0.0102727;0.169793;0.00407305;0.0359816;-3.1407
0.0293327;-0.0102591;0.169773;0.00438526;0.0364986;-3.13911
0.0293366;-0.0102541;0.169807;0.00427058;0.0366286;-3.1392
0.029343;-0.0102506;0.169789;0.00437817;0.0361336;-3.13892
0.0293388;-0.0102506;0.16979;0.00446587;0.0359429;-3.13847
0.0293377;-0.0102585;0.169794;0.00408083;0.0370492;-3.13891
0.0293607;-0.0102429;0.169754;0.00421851;0.0343562;-3.13841
0.0293359;-0.0102413;0.169769;0.00479883;0.0364791;-3.13964
0.0293407;-0.0102472;0.169786;0.00465515;0.036978;-3.13906
0.0293277;-0.0102685;0.169743;0.00449886;0.0366421;-3.14042
0.029336;-0.0102563;0.169803;0.00467878;0.0375062;-3.13989
0.0293335;-0.0102662;0.169773;0.00426518;0.0363101;-3.14023
0.0293254;-0.010256;0.169775;0.00427579;0.0369331;-3.13985
0.0293343;-0.0102386;0.169778;0.00439566;0.0374667;-3.138
0.0293502;-0.0102592;0.16977;0.00460106;0.0356366;-3.13988
0.029342;-0.0102645;0.169768;0.00432071;0.0352526;-3.13943
0.0293302;-0.0102682;0.169795;0.00428849;0.0365946;-3.13993
0.0293396;-0.0102509;0.169796;0.00447823;0.0372967;-3.138
0.0293456;-0.0102521;0.169782;0.00461591;0.0366587;-3.13974
0.029361;-0.0102515;0.169793;0.00429272;0.0353476;-3.13888
0.029347;-0.0102424;0.169783;0.00426047;0.0368139;-3.13781
0.0293348;-0.0102575;0.169778;0.00445603;0.0381442;-3.13867
0.0293308;-0.0102382;0.169788;0.00449206;0.0372124;-3.13912
0.0293408;-0.0102639;0.16977;0.00465159;0.0358439;-3.13928
0.0293467;-0.010246;0.16977;0.00412541;0.0360563;-3.13787
0.0293335;-0.0102559;0.16979;0.00411284;0.0371039;-3.13908
0.0293425;-0.0102467;0.169782;0.00447223;0.035927;-3.13795
0.0293363;-0.0102424;0.169784;0.00441696;0.0365531;-3.13829
0.029342;-0.010256;0.169775;0.00446346;0.0359642;-3.1393
0.0293268;-0.0102588;0.169799;0.00433805;0.0377498;-3.1387
0.029335;-0.0102657;0.16977;0.00431622;0.0366383;-3.13983
0.0293468;-0.0102604;0.169782;0.0044501;0.0353623;-3.13937
0.0293276;-0.0102558;0.169801;0.00448587;0.036887;-3.13925
0.029332;-0.0102577;0.169789;0.00442363;0.0363827;-3.13947
0.0293413;-0.0102688;0.169756;0.00426448;0.0349899;-3.1394
0.0293321;-0.0102415;0.169795;0.00446356;0.0374456;-3.13821
0.0293296;-0.0102616;0.16978;0.00440934;0.0369575;-3.13979
0.0293461;-0.0102639;0.169731;0.00458307;0.0354786;-3.13986
0.0293391;-0.010247;0.169793;0.004347;0.0365324;-3.13877
0.0293357;-0.0102579;0.169744;0.00417162;0.0367121;-3.13874
0.0293259;-0.0102552;0.169797;0.00455423;0.0380555;-3.13937
0.0293452;-0.010257;0.169763;0.00438234;0.0363742;-3.13824
0.0293451;-0.0102474;0.16979;0.00458896;0.0360038;-3.13852
0.0293438;-0.0102405;0.169778;0.00429293;0.0351717;-3.13864
0.0293459;-0.0102631;0.169795;0.00421302;0.0359068;-3.13991
0.0293421;-0.0102696;0.169775;0.00445045;0.0359476;-3.13954
0.0293366;-0.0102524;0.169799;0.00412459;0.0365515;-3.13871
0.02935;-0.0102567;0.169832;0.0044389;0.0363055;-3.13858
0.0293451;-0.0102481;0.169776;0.00427278;0.035799;-3.13872
0.0293454;-0.0102561;0.169776;0.00452038;0.035766;-3.13952
0.0293441;-0.01026;0.169762;0.00448168;0.0353366;-3.13963
0.0293509;-0.0102663;0.169804;0.00424852;0.0367345;-3.14048
0.0293511;-0.010241;0.169792;0.00450458;0.035654;-3.13795
0.0293239;-0.0102633;0.169736;0.00439717;0.0357405;-3.13917
0.0293371;-0.0102484;0.1698;0.00414411;0.0369247;-3.13858
0.0293439;-0.0102435;0.169796;0.00432037;0.036377;-3.13852
0.0293524;-0.0102583;0.16979;0.00444028;0.036482;-3.13927
0.0293257;-0.0102487;0.169797;0.00446198;0.0375081;-3.13845
0.0293311;-0.0102569;0.169791;0.00437744;0.0374389;-3.13955
0.0293294;-0.0102501;0.169804;0.00428514;0.0367685;-3.13802
0.0293529;-0.0102494;0.169798;0.00450009;0.0354289;-3.13835
0.0293317;-0.0102525;0.169788;0.0044369;0.0374552;-3.13948
0.0293512;-0.0102592;0.169808;0.00426386;0.0357929;-3.13899
0.0293394;-0.0102486;0.169767;0.00478734;0.0359952;-3.1389
0.0293404;-0.0102503;0.169746;0.00461571;0.0342793;-3.14
0.0293514;-0.0102392;0.169785;0.00448857;0.0351105;-3.13844
0.0293492;-0.0102529;0.169769;0.00455393;0.0358632;-3.13909
0.0293376;-0.0102349;0.169793;0.00416454;0.0365526;-3.13743
0.0293354;-0.0102428;0.1698;0.00422222;0.0369288;-3.13772
0.0293233;-0.0102553;0.169793;0.00443996;0.0379869;-3.1395
0.0293571;-0.0102552;0.169776;0.00444883;0.0350316;-3.13904
0.02935;-0.0102527;0.169769;0.00428784;0.0359903;-3.13984
0.0293327;-0.0102517;0.169789;0.00458895;0.0368712;-3.13932
0.0293591;-0.0102466;0.169766;0.00455948;0.0340299;-3.13879
0.0293475;-0.0102487;0.169792;0.00448608;0.0358939;-3.13795
0.0293419;-0.0102503;0.169797;0.00458739;0.0362467;-3.13891
0.0293402;-0.0102625;0.16976;0.00453492;0.0356689;-3.13929
0.0293325;-0.0102401;0.169792;0.00464236;0.0372386;-3.13898
0.0293432;-0.0102498;0.169782;0.00441905;0.0367243;-3.13895
0.0293449;-0.0102547;0.169805;0.00442338;0.0369782;-3.13978
0.0293354;-0.0102503;0.169796;0.00436785;0.0369254;-3.139
0.0293336;-0.0102591;0.169785;0.00423923;0.0367907;-3.13911
0.0293299;-0.0102573;0.169759;0.004619;0.0363609;-3.13901
0.0293247;-0.0102489;0.169775;0.00436847;0.0370978;-3.13875
0.0293282;-0.010245;0.169789;0.00466056;0.0371669;-3.13904
0.0293426;-0.0102615;0.169765;0.00448663;0.0349585;-3.1395
0.0293353;-0.0102392;0.169792;0.00423573;0.0362934;-3.13814
0.0293282;-0.0102645;0.169794;0.00431718;0.0369636;-3.14054
0.0293529;-0.0102479;0.169783;0.00432907;0.0351663;-3.13826
0.029343;-0.010247;0.169773;0.00466731;0.035558;-3.13909
0.0293447;-0.010252;0.169787;0.00433905;0.0360058;-3.13911
0.029338;-0.0102426;0.169778;0.00428917;0.0363685;-3.13802
0.0293431;-0.0102491;0.169772;0.00451495;0.0355494;-3.13874
0.0293289;-0.0102495;0.169788;0.00454665;0.0371026;-3.13963
0.0293491;-0.010259;0.169764;0.00430568;0.0354302;-3.13954
0.0293301;-0.0102598;0.169802;0.00435332;0.0366565;-3.13918
0.0293413;-0.0102365;0.169786;0.00460662;0.036196;-3.13805
0.029344;-0.0102579;0.169797;0.00439504;0.0364655;-3.13949
0.0293404;-0.0102509;0.16978;0.00484403;0.0358336;-3.13965
0.0293344;-0.0102521;0.169793;0.00438316;0.0362643;-3.13932
0.029355;-0.0102348;0.169804;0.00426217;0.0357359;-3.13726
0.0293335;-0.0102482;0.169781;0.00449403;0.0371288;-3.13884
0.0293297;-0.0102604;0.169801;0.00426634;0.0374552;-3.13936
0.0293331;-0.0102638;0.16975;0.0043807;0.0356005;-3.13953
0.0293445;-0.0102426;0.169793;0.00454485;0.0364347;-3.139
0.0293297;-0.010236;0.169779;0.00435053;0.0371365;-3.13774
0.0293517;-0.0102514;0.169799;0.00456635;0.0354328;-3.13915
0.0293255;-0.0102503;0.169811;0.00428045;0.0375963;-3.138
0.0293419;-0.010234;0.169774;0.00437267;0.0358501;-3.13794
0.029333;-0.0102563;0.169773;0.00415279;0.036431;-3.13911
0.0293498;-0.0102406;0.169823;0.00440785;0.0369933;-3.13795
0.0293424;-0.0102384;0.169779;0.00443464;0.0359159;-3.13838
0.0293498;-0.0102415;0.169783;0.00442718;0.0359624;-3.13809
0.0293467;-0.0102547;0.169777;0.00446243;0.0366955;-3.14009
0.029343;-0.0102475;0.169758;0.00451206;0.0358614;-3.13899
0.0293349;-0.0102577;0.169757;0.00455778;0.0366868;-3.13995
0.0293362;-0.0102521;0.169791;0.00417535;0.0359011;-3.13942
0.0293411;-0.0102465;0.169787;0.00428546;0.0363698;-3.13843
0.0293377;-0.0102422;0.169831;0.00457657;0.0372919;-3.13865
0.0293497;-0.0102446;0.169787;0.00419085;0.0355334;-3.13909
0.029339;-0.010252;0.169781;0.00440715;0.0363248;-3.13927
0.0293357;-0.0102608;0.169797;0.00430406;0.0371583;-3.1391
0.0293519;-0.0102565;0.169796;0.0044691;0.0357892;-3.13812
0.029349;-0.0102588;0.169781;0.00418938;0.0356601;-3.13832
0.0293412;-0.0102442;0.169805;0.00438204;0.0364557;-3.13879
0.0293334;-0.0102458;0.169795;0.00452725;0.0368835;-3.1392
0.0293429;-0.0102569;0.169775;0.0043228;0.0352651;-3.13913
0.0293444;-0.0102685;0.16976;0.00444438;0.0351149;-3.14015
0.0293488;-0.0102461;0.169802;0.00434634;0.0362139;-3.13898
0.0293472;-0.0102571;0.169795;0.00457973;0.0355825;-3.13937
0.0293418;-0.0102463;0.169806;0.00439746;0.036094;-3.13859
0.0293557;-0.010244;0.169824;0.00438456;0.0357487;-3.13848
0.0293345;-0.010251;0.16979;0.00441312;0.0367399;-3.13997
0.0293449;-0.0102499;0.169786;0.00453987;0.0360111;-3.13985
0.0293347;-0.0102617;0.169801;0.0040525;0.0368296;-3.13907
0.0293248;-0.0102459;0.169785;0.00428822;0.0375471;-3.1393
0.0293429;-0.0102496;0.169783;0.00439032;0.0368097;-3.13932
0.0293449;-0.0102389;0.169801;0.00446877;0.0364618;-3.13776
0.0293488;-0.0102596;0.169777;0.00451578;0.0354198;-3.13912
0.029339;-0.0102396;0.169783;0.00442229;0.0357622;-3.13845
0.029341;-0.0102474;0.169803;0.00435752;0.0371519;-3.13945
0.0293456;-0.0102523;0.169791;0.00429309;0.035862;-3.13881
0.029345;-0.0102513;0.169771;0.0043078;0.0353898;-3.13859
0.0293445;-0.0102596;0.169794;0.0041768;0.0357368;-3.13955
0.0293479;-0.0102489;0.169797;0.0043842;0.0360709;-3.13885
0.0293519;-0.0102511;0.169764;0.00455493;0.0339937;-3.1394
0.0293381;-0.0102358;0.169798;0.0044779;0.0363801;-3.13813
0.0293508;-0.0102481;0.169793;0.00437836;0.0357438;-3.13859
0.0293295;-0.0102591;0.169798;0.00448984;0.0368691;-3.13975
0.0293251;-0.0102528;0.169781;0.00445611;0.0375106;-3.13817
0.0293506;-0.0102384;0.169801;0.00436291;0.0361855;-3.13755
0.0293538;-0.0102587;0.169774;0.00445913;0.0359101;-3.13978
0.0293415;-0.010261;0.169774;0.00445653;0.0352763;-3.13909
0.0293454;-0.0102461;0.169803;0.00452422;0.0361977;-3.13846
0.0293247;-0.0102634;0.169765;0.00470916;0.0373327;-3.13997
0.0293501;-0.0102554;0.169783;0.00422066;0.0357054;-3.1391
0.0293559;-0.0102603;0.169756;0.0042914;0.0338042;-3.13941
0.0293361;-0.0102513;0.169793;0.00438133;0.0364032;-3.13957
0.0293513;-0.0102547;0.169833;0.00467817;0.0365528;-3.13899
0.0293403;-0.0102759;0.169775;0.00433513;0.0363272;-3.1415
0.0293449;-0.0102556;0.169771;0.00455834;0.0352028;-3.13953
0.0293572;-0.0102553;0.169773;0.00447478;0.0346269;-3.13933
0.0293303;-0.0102574;0.169808;0.00464114;0.037211;-3.13935
0.0293332;-0.0102534;0.169802;0.00429178;0.03678;-3.13827
0.0293366;-0.0102523;0.169757;0.00430981;0.035985;-3.13993
0.0293163;-0.0102375;0.169757;0.00444969;0.0365616;-3.13869
0.0293214;-0.0102429;0.169796;0.00448633;0.0378688;-3.1377
0.0293364;-0.0102549;0.169756;0.00470828;0.0361678;-3.13891
0.0293514;-0.0102423;0.16983;0.00418436;0.0366176;-3.13746
0.0293345;-0.0102435;0.169784;0.00441275;0.0366063;-3.13872
0.0293286;-0.0102791;0.169786;0.00459914;0.0358726;3.1414
0.0293279;-0.0102617;0.169751;0.00450309;0.0363593;-3.13957
0.0293395;-0.0102446;0.169807;0.00426912;0.0369918;-3.13786
0.0293509;-0.010256;0.169782;0.00430932;0.0357735;-3.1391
0.0293505;-0.0102448;0.169791;0.00477469;0.0359904;-3.13902
0.0293304;-0.010251;0.169798;0.00435303;0.0373145;-3.13912
0.0293398;-0.0102407;0.169811;0.00423485;0.0367943;-3.13807
0.0293409;-0.0102417;0.169776;0.00449656;0.0366264;-3.13837
0.0293318;-0.0102583;0.169797;0.00452183;0.0369477;-3.13917
0.0293291;-0.0102562;0.169813;0.00440935;0.0372385;-3.13928
0.0293469;-0.0102639;0.169763;0.00441321;0.035424;-3.1395
0.0293456;-0.0102464;0.169796;0.00429004;0.0358833;-3.13811
0.0293669;-0.010264;0.169766;0.00449094;0.0341595;-3.13962
0.0293503;-0.0102433;0.169774;0.00403497;0.0352009;-3.13881
0.0293356;-0.0102497;0.169789;0.00428233;0.0367291;-3.13952
0.029345;-0.0102491;0.169768;0.00463696;0.0352184;-3.13926
0.0293278;-0.0102375;0.169776;0.00436393;0.0366303;-3.13859
0.0293338;-0.0102683;0.169772;0.00464657;0.036398;-3.14008
